{"IcoMoonType":"selection","icons":[{"icon":{"paths":["M836.267 512l4.267 200.533-132.267-76.8v285.867l-174.933 102.4v-1024l435.2 251.733v226.133l-260.267-153.6v115.2zM55.467 251.733l435.2-251.733v1024l-174.933-102.4v-597.333l-260.267 153.6z"],"attrs":[{"fill":"rgb(255, 111, 0)"}],"isMulticolor":false,"isMulticolor2":false,"tags":["tensorflow"],"grid":0},"attrs":[{"fill":"rgb(255, 111, 0)"}],"properties":{"order":5,"id":0,"prevSize":32,"code":59648,"name":"tensorflow"},"setIdx":0,"setId":2,"iconIdx":0}],"height":1024,"metadata":{"name":"icomoon"},"preferences":{"showGlyphs":true,"showQuickUse":true,"showQuickUse2":true,"showSVGs":true,"fontPref":{"prefix":"icon-","metadata":{"fontFamily":"icomoon","majorVersion":1,"minorVersion":0},"metrics":{"emSize":1024,"baseline":6.25,"whitespace":50},"embed":false,"showSelector":true,"selector":"i","showMetrics":true,"showMetadata":true,"showVersion":true},"imagePref":{"prefix":"icon-","png":true,"useClassSelector":true,"color":0,"bgColor":16777215,"classSelector":".icon","name":"icomoon"},"historySize":50,"showCodes":true,"gridSize":16}}